Kuldeep,Kns@123
Amit,Aks@123
Gopal,Gcm@123

Manoj,Manoj@123
Rohit,Rohit@123
Shravan,Shravan@123
Biren,Biren@123
Naresh,Naresh@123
Kumar,Kumar@123
Rahul,Rahul@123
Rohit ,Rohit@123
Arjun,Arj@123
Kamlesh,Ka@123
Satyajit,Sat@123
Jitendra,Jit@123
Piyush,Pi@123
Rajesh,Rajesh@123
Mahendra,Ma@123
Ashutosh,Ashu@123
Javed,Javed@123
Manoranjan,Man@123
Harjit,Har@123
Sodhi,Sodhi@123
Madhur,Madhur@123
Manjit,Man@123
